᠐᠐᠐;41644030951275954395894481713610376955136092886673751406097283255175464400032;;;
᠐᠐᠑;47040037501986681620557032056757227477658842975818005788504768697944524812616;;;
᠐᠐᠒;82532640447145547661069758752991045921948612791137352595393808277010831199134;;;
᠐᠐᠓;24890019526227134316274005564428985268224797353403718742534280600015630035254;;;
᠐᠐᠔;61774502631677544271365540847621316493253416952845992296497130328786081040420;;;
᠐᠐᠕;9786986103689523471457164005240144133320873589587916230472694253804057391385;;;
᠐᠐᠖;11995887711064725520762456854694443051504880127994055565454007583834650272621;;;
᠐᠐᠗;54776548962216283547005040972444908686748587179851729228660661769525301880807;;;
᠐᠐᠘;98478755649126262352336437561674122128726724864777303913696090327664889752920;;;
᠐᠐᠙;14164340585916630507893024366411005146422828902539148500545320441245040543157;;;
᠐᠑᠐;43728851005393755752024503610617409816321848154878867256777704425162191585644;;;
᠐᠑᠑;79688343428835841741675229102949727833102790986645137262541255053435193639807;;;
᠐᠑᠒;78017966355340969159621823890689185787361477544315858485856925925179856693382;;;
᠐᠑᠓;83785218442097861572834468976391544978086736628388723739355040953533909780930;;;
᠐᠑᠔;39815865898673789757096186542871279189950577705749112711340327687764756680596;;;
᠐᠑᠕;72872514038957201149114699345505481654874921432811371803134677352986558236812;;;
᠐᠑᠖;18551218608988174968574756948712611925663702214313826392582142865315924609772;;;
᠐᠑᠗;5530509197841526416174233269080926890600472249333877504301023399269483894289;;;
᠐᠑᠘;32774445694014983148423799789604131160981331641744446749257588725425010116321;;;
᠐᠑᠙;86285218576729233417427934203627021647425658047466444030358850224802414320670;;;
᠐᠒᠐;60500813022048553019788088315450925238747152771187693774079219928156354518757;;;
᠐᠒᠑;27647824671325057679517175335206308702058690526104401536815101955820404093027;;;
᠐᠒᠒;13076363669037426779077470207027244660215691717242390268692430902837633112250;;;
᠐᠒᠓;12719478695583390260242655754270915664490814778576493247167150970610543446973;;;
᠐᠒᠔;104564429286563069295159880965672175785454838800103783085175661126542021024610;;;
᠐᠒᠕;1704456846693504933904643053393886941785971813982986600806890919304210641560;;;
᠐᠒᠖;22122384127068096459010942791484556510742087353989192131714072458205471592149;;;
᠐᠒᠗;63584171008970840328651733034315431799792323695220860531857759426999017268881;;;
᠐᠒᠘;75466122811026479561252260208611465938878652373094218556681653687189384486937;;;
᠐᠒᠙;58249533330979048249961679072916200770703103412611987929142306452189732083700;;;
᠐᠓᠐;51933544662854553530940615805104242092811376902636033806950957252576052850612;;;
᠐᠓᠑;341454526951605727380318151055070561701527319249940296473363548985791434220;;;
᠐᠓᠒;32336248404109750098960452090632878415810445226711323664173242842374786856052;;;
᠐᠓᠓;20266328438777526506112619262029881110988795309309116955625388823042685523507;;;
᠐᠓᠔;29413335236743590822868903847166240515189345071847786022310101627433023347684;;;
᠐᠓᠕;21926865074224116699838586500957108510286397228491894951639266960837896098339;;;
᠐᠓᠖;36939787894819955373811377821257280991056115641535356535830219671486905368019;;;
᠐᠓᠗;15851583027680405162627743567676774665317766469312209296476484399738765314069;;;
᠐᠓᠘;87022883634563824132462064707732031003728254748965327992880309785442558190093;;;
᠐᠓᠙;63378670235114302535848578730914955755399978173691490492362783637877727841819;;;
᠐᠔᠐;29646590092589849590875354967322888958402075567150732720084387142113131876692;;;
᠐᠔᠑;18043762297098402680869337178897439675497257964916135200553417382799896282187;;;
᠐᠔᠒;67576067831128560754515912200722560950485412084271815749050286327340076526163;;;
᠐᠔᠓;39733558436727424699245343134337810454954404337251342528841755951418678820214;;;
᠐᠔᠔;76856401913546041148342184336699821454964261192412962574430033008913699547994;;;
᠐᠔᠕;45511154664785514916125576808433286028249042621447431119397596831180644907743;;;
᠐᠔᠖;100257635984376885051217978706263088533758885202566951453613885037540523752384;;;
᠐᠔᠗;75835719479098176685255486745046883361737335079717745514704867177717854775766;;;
᠐᠔᠘;36318787747837915799596558364343922507045233704504648164327748669905618639440;;;
᠐᠔᠙;71921469097352468757768124439987151124516354425991065723406294529445654340567;;;
᠐᠕᠐;43784286755501311502566379787765885741394335513477810932579965136474394706181;;;
᠐᠕᠑;16607495645013802570616092953199301797025687163194329739846399329234255549458;;;
᠐᠕᠒;70678323282061198317186655409249722484459151130257123327423656026649575521218;;;
᠐᠕᠓;41217934172578373206111214139321630028210720618117662147995025765675992438697;;;
᠐᠕᠔;99085414038690852871443946888063846416190890701506059386577379893113722072513;;;
᠐᠕᠕;56577532196791090436930630836602896384097881419310406158698785553633759110038;;;
᠐᠕᠖;42024300157664170721990518863369023761692879843994148399480679903216639269181;;;
᠐᠕᠗;40020180196641328206137549198288552120621431612530940922438995465352275803056;;;
᠐᠕᠘;76861026955078037842910532112255036195424247346725734067497842235458753498608;;;
᠐᠕᠙;38355805587546221970892644732418038346973079295154266812877306155922568581979;;;
᠐᠖᠐;60256835083647097686940450818757493911681524200198630454158105750493808939955;;;
᠐᠖᠑;69779230472463017884804083438212471069243404021710379533240930790262383626792;;;
᠐᠖᠒;32080053326902464946730760250659559756982806995956506159663495393049463687396;;;
᠐᠖᠓;93040515871370109772150989254719938212876911168973456067830218606997881077123;;;
᠐᠖᠔;110857921234895263354887400511090375818743348695057829515058300678853816489826;;;
᠐᠖᠕;85556908283398658860346211641260718672056590582746045173375517548037369240803;;;
᠐᠖᠖;8670851250633650666381514004543871587711775193621014021393069007216927344154;;;
᠐᠖᠗;113791892150532356043919005489297995974826458353537845451650881070571041037312;;;
᠐᠖᠘;70378595091183140030757043923419727081418337791601505890361143586918169018451;;;
᠐᠖᠙;94050946237213807632650332924523633846302031812849401664390837629613251806584;;;
᠐᠗᠐;7590899482249540165389247825113465526764662951856441245051508707678363329085;;;
᠐᠗᠑;16710753639005128529446823743872078650444929733305153868386203303962865439996;;;
᠐᠗᠒;13718688531240585712955249488079200001052558696130350709181175293632743446334;;;
᠐᠗᠓;46371371517217412637922655134644436698652820157162005550751375893938693867390;;;
᠐᠗᠔;34948892562730107336036053904771666785579148379258644520534668217225438566702;;;
᠐᠗᠕;83997672275477619938307289166658739178647809098787427073730535999752653951071;;;
᠐᠗᠖;94575227492319213072013067596552251455052694538483956132001072483253098961115;;;
᠐᠗᠗;112640192122182730260703791090028292128089035547971357547086853450522414181754;;;
᠐᠗᠘;24072137230765656563526241630158727732175142477849784258403027022728630441843;;;
᠐᠗᠙;114734605870883533105676422466585339922805330992109748288046534307424360260750;;;
᠐᠘᠐;36765465131556211047598845844562579278349127829985221073747389738814338293344;;;
᠐᠘᠑;94544683939930378306262904512785324376702107514054832220828783281226286057994;;;
᠐᠘᠒;43653331442683771431086593942186620999190312415191604637154932573488249293510;;;
᠐᠘᠓;103835320405141042870853074907380789656191663416040097630515433436893538813781;;;
᠐᠘᠔;62779333893993427756611365413275802358836311381138212865915633074944972272287;;;
᠐᠘᠕;33818877501207237045848636957140138267060247957788652727960464269826899720347;;;
᠐᠘᠖;5976718247535024856046861637481352420373844524028829332513142720135328562216;;;
᠐᠘᠗;18216039037811273877765334634760510987548314381040939635653910916226289352994;;;
᠐᠘᠘;92679588865011422089294794103618960979772746640292380359275168996385847563726;;;
᠐᠘᠙;108443088669302475959239346362952420201450236769066439688962471133073687011823;;;
᠐᠙᠐;7031979501042254885188931214997670844622127327288623689548512861220792049531;;;
᠐᠙᠑;21503646910986178229193967016388894049709519368899320365859022173722707773110;;;
᠐᠙᠒;50519467199771141684639143523668217682813004107789758693557378295627545716885;;;
᠐᠙᠓;94582745647431267824072716329024432007925410253922248858807165589379560807670;;;
᠐᠙᠔;37263922030096086236578270099203106660334443429492089065826917047801573682909;;;
᠐᠙᠕;113926123730542464752715746198571336464328741962942520124063197605683499805180;;;
᠐᠙᠖;74700070118861355816147828919173689113278314063325384597419475762603097381251;;;
᠐᠙᠗;100181979637097802355158026896101551256960891514785404993012974697848930176589;;;
᠐᠙᠘;89454989784870820776541019948536506084677517269790561683902175795535496565636;;;
᠐᠙᠙;103743519819068403745733875595289794380394247516294371182500652026402993551889;;;
᠑᠐᠐;87938937801913136755458164453427129221200621413706780767881952783489945354731;;;
᠑᠐᠑;4218381458518447992093852174176487271374189350512700952000566554961573921166;;;
᠑᠐᠒;8371600284256641881546178266836789131878573548543279933600414665689388677489;;;
᠑᠐᠓;78230333380212461148900500242611273551817343651761782849338548464271026038225;;;
᠑᠐᠔;90431322047666078728420202743463922737058495332263619192328961951899884103330;;;
᠑᠐᠕;74990541170502171455280611157504063351159652630625936038605426233927358290248;;;
᠑᠐᠖;65147505746947174717696518970186528779856821635380666822413896037969705147558;;;
᠑᠐᠗;44688889784355649413753571211610960872528241863363008395776105112951722643748;;;
᠑᠐᠘;22375231353162846026338325976135368278212999902469343830213523757109202020841;;;
᠑᠐᠙;52771583382777338231552469406582146332332562182330885849812684155964384746258;;;
᠑᠑᠐;77873326543271944450278460983010655821523305302625872606955842211516735810179;;;
᠑᠑᠑;90834410857299825288767266087248959452672570067591788874337747437535375325850;;;
᠑᠑᠒;8454837137115816366177536946669619362728657979968188286092259746647863627045;;;
᠑᠑᠓;98572467855790635324218546839394627312275286741348875026590808341606650255451;;;
᠑᠑᠔;20339609345422979118059125657604388002184795066249747282745907428272044668267;;;
᠑᠑᠕;39254920516842768144065734431803685761808074202897831593026801181647575320305;;;
᠑᠑᠖;55623850446968564424514380543965093734207370687110678335631841313640191462481;;;
᠑᠑᠗;66273590764635937728101181722698703695704612508232946562188276756317968035371;;;
᠑᠑᠘;9836446978386962288204232966609551631011816194753467179716040488853151682351;;;
᠑᠑᠙;48330133903180245756110013867066418681981171985028605374973580258181457812701;;;
᠑᠒᠐;3284724859619160527156879127909251388566038608412142330446894312896165107678;;;
᠑᠒᠑;102864170994646028736470877674666696907559147196961225657709121384978631547312;;;
᠑᠒᠒;40271209297830504231368834558483975343929211186647640372244990461892942751083;;;
᠑᠒᠓;72674390357539554235767291189419380497834920555096773857332442965740077730195;;;
᠑᠒᠔;30254768529560798271627045884267835955665546780652542953686718664664009149344;;;
᠑᠒᠕;42150452116489465716704472308549580344128813023629427394508947166609612547615;;;
᠑᠒᠖;92136572925123559544487415435263538395868111733987515685037860319714969102731;;;
᠑᠒᠗;5903787099416098341518585327111909481194251874729877690380243436150058894540;;;
᠑᠒᠘;110300025729981866753491258761367309945977020610132595848299240260545413410557;;;
᠑᠒᠙;59395884151027805757346219034630610656150999684240890263269220676292784772983;;;
᠑᠓᠐;64184359487396814906767331767837797338729279971836604260183279923973096416107;;;
᠑᠓᠑;11756702953741801730979512100945002760084909027991096355573647493970907780766;;;
᠑᠓᠒;4305322259461284073804514621542400290918127159061012652063629146132361250921;;;
᠑᠓᠓;71011612781575773422047776984629915569682246585230136016095189671667861454870;;;
᠑᠓᠔;17328512301799895086913612529951197899291522378842523401825111739506355879032;;;
᠑᠓᠕;105914706600925737526905252605508788515130532330616083083495464004154312210819;;;
᠑᠓᠖;110057607991245574810741275551865561480959613123576074238750183206514038032800;;;
᠑᠓᠗;55064671528988472541718346442573588755462767871994274505487580396753685590678;;;
᠑᠓᠘;101906847153949887416019056590120832177069919630057370149561194055773616272082;;;
᠑᠓᠙;14400730868088989529013704268240467973812010639743076042481626175658184515696;;;
᠑᠔᠐;29552482539000004722304606984139474622404062928591931077290502492501621647831;;;
᠑᠔᠑;81496463784193098728955093038570106195752014975765970621891450428141116795921;;;
᠑᠔᠒;59461571739217988636041620245874082931099284843416859696154312768260431818480;;;
᠑᠔᠓;102041675954218517872881237400925981178761450234579501498432712866598305870083;;;
᠑᠔᠔;97025879685102044453995739346384708137391670545838035083597895463898405659237;;;
᠑᠔᠕;88159789903011143146749282891637272977688254270994535935285856759619303799251;;;
᠑᠔᠖;97007148267435230360716832855894220989807791863597219433170792447961963386958;;;
᠑᠔᠗;93767363709116654799901085342270635587166469916930898416492557639335452413838;;;
᠑᠔᠘;71721730991100937217009468184437646484626951902757189304082579556526100913544;;;
᠑᠔᠙;92737650340073101700154313339736747308748263017684399083532751801855807867357;;;
᠑᠕᠐;3746673078518481078985712894725310665717164935847009611051485217041596509559;;;
᠑᠕᠑;86862167041483984237632740589505105131042440642392711439746442577849360969279;;;
᠑᠕᠒;5643249885126845663173706177748502064342735478762015738497901906570740238592;;;
᠑᠕᠓;112178604277046083656640648546741228147043449643822498940269713821398188344855;;;
᠑᠕᠔;92819603040478187166867027343339099588969693473774186484234683556520993854489;;;
᠑᠕᠕;70942979590765872555661833891880171779581752091306434187213182018566280794876;;;
᠑᠕᠖;59721006796252542933202097639268571566940068527315993719367400650414371958546;;;
᠑᠕᠗;102205634524101746255900367288904373356857535416360192611826636589091237448349;;;
᠑᠕᠘;5549209403310783769710240668159812200028741363854990371359709378584552770900;;;
᠑᠕᠙;76932986234426119627922705902172967109039155474315486039082830906693043546987;;;
᠑᠖᠐;67712801969001766455412927654474184169104033150519505833393585268452776164996;;;
᠑᠖᠑;83075242239446770759383933522004731892903828114665630897138385784861941477302;;;
᠑᠖᠒;54199190703390476479678751618427696064702809525542537435557157478859952792673;;;
᠑᠖᠓;54263551765466873062719448695934477797686875345613751624114906567294342600213;;;
᠑᠖᠔;19135203529835579063095468852148255144613410160216966756125731863005926539068;;;
᠑᠖᠕;17608120318674154894386759495800048216629841326593604224814901808008252177532;;;
᠑᠖᠖;55776870618076884569553852177780716594383076304388035946215294965236003542737;;;
᠑᠖᠗;113514472053322586691308394792215694969067071223345545119004191412185573288723;;;
᠑᠖᠘;4440512755486690310548935236296101964243044827039819865374131463822772963500;;;
᠑᠖᠙;109435582842080725155437887829594893449243652446903153594240118079693979657692;;;
᠑᠗᠐;29969207483662178862887511139246728759218189847879504711662926504463292994555;;;
᠑᠗᠑;89081007502396467279026340203548877263787351581640526632289132938366421310297;;;
᠑᠗᠒;50816542110110786300235429168961390582680139475995839774746932587540209708929;;;
᠑᠗᠓;8223965015838465125237199196653897489151612048831975983832408659865715568220;;;
᠑᠗᠔;9338087195035440359578703512075624499412971193046179160815065780763794538448;;;
᠑᠗᠕;62575957586099608365412502283075837663338342037927908414683512075179359515680;;;
᠑᠗᠖;94458830156371772549056817107716104155057331815162243689160720232216521518922;;;
᠑᠗᠗;25225277128744473466118882740450037962199277998386476445200708838563491441168;;;
᠑᠗᠘;30546023481319222868647449291367548358691135320364991797924748989087820541649;;;
᠑᠗᠙;52689828515251848847830715025248203104567897644382278431757123942549288871285;;;
᠑᠘᠐;103266688877455722324059565002537229404484436408599842617907124417848329051128;;;
᠑᠘᠑;115005317527816862527199858655728092627407527234546635624739410122312360527945;;;
᠑᠘᠒;14774298096385518605778850116407285590601561488987787931754910376183079355528;;;
᠑᠘᠓;23050852185909334664169480513025829154913480895561950886483175321206697452690;;;
᠑᠘᠔;18030152065789895894257411600529958555683720270109642054446428739835646759161;;;
᠑᠘᠕;82234539201591732813029768005248901495900355398532246202392286733951924247472;;;
᠑᠘᠖;30731713499153474767271616020189845020282528816555507562298548089531452204042;;;
᠑᠘᠗;97048110368469746627360211207797986953535943748126838444796778358079788765753;;;
᠑᠘᠘;83891029215362191778684330697008590104060107753261859178499646437806167430572;;;
᠑᠘᠙;111285856389250082014856860424767293433520355474877219478510051450922929597050;;;
᠑᠙᠐;20634194915616216772068494889968068133525364727945780777123708275243676197693;;;
᠑᠙᠑;60125375464389921209329822970971233948311953900573019146926536048287682898327;;;
᠑᠙᠒;112028529868551027809940429207898936110535673180540474021655942948355897814047;;;
᠑᠙᠓;97733846016886631533538533258506312164720567339317077584684595081237009366002;;;
᠑᠙᠔;37096878253468468012695550723681296264770241338236991549116127576863779058217;;;
᠑᠙᠕;63453901979343482406376514874169586642421106437897507207253544899919277068035;;;
᠑᠙᠖;13691728695813779508139682125101220455155870721249322266029882624805021100105;;;
᠑᠙᠗;37874145107651501339846936317915056855746625802908101606669454929864912004383;;;
᠑᠙᠘;42028443608621873886972582239667706976065674890528510065984777543133121640182;;;
᠑᠙᠙;85305378596412088739375040153568675533104484837648132710200283622475374374921;;;
᠒᠐᠐;43432875427666954626854422265570454281396250411200103265991657598062121436312;;;
᠒᠐᠑;15941366123830020119432019728230788948280610135525136033727889180838823258859;;;
᠒᠐᠒;106194238799678595030888330477846597268644687264064784267714237672054541653915;;;
᠒᠐᠓;77013426411255705410758050712061939571923860400841103257056524188443739704647;;;
᠒᠐᠔;107845995525724980438446601560574950304098362299772971608414517725847688054956;;;
᠒᠐᠕;50315482722552461055185113114362197070494378878053271698328813529126336682639;;;
᠒᠐᠖;102350729333108800063009700088729079398629057442368982729198923044079140478493;;;
᠒᠐᠗;44626838268852995756092030457639921184566546956377402215020582784011736399676;;;
᠒᠐᠘;12418463648716450017423043080445041062556501674491068258861438514089850731603;;;
᠒᠐᠙;62142106517624421454466519176336506359780449428796773109256191655514174688411;;;
᠒᠑᠐;107746639041662514709371009716555797673386440085425900710538318684193167070400;;;
᠒᠑᠑;38097302335776537964605402769767672736085805265897001065017091096637932513772;;;
᠒᠑᠒;18299493204772256529318738596695380903791626322639366928952271073723062020131;;;
᠒᠑᠓;109315339100469199871143244472200217570655600479836026466942399866795645037372;;;
᠒᠑᠔;86761161373067273304179351514519309667850628779162141774528252065947417467358;;;
᠒᠑᠕;63048348148378477641506526641884711523039212750072797617280313495862492277011;;;
᠒᠑᠖;48771483809352577669009165881346073502725094185314763108964043826595924995333;;;
᠒᠑᠗;112175918126279720045792275652800863484722593630055437719313567849629199369372;;;
᠒᠑᠘;62821008967889100595405366774967889697483758563426645047562458773475046028664;;;
᠒᠑᠙;20880819322602062771327131933371048073811740125197083029349141646809215678637;;;
᠒᠒᠐;112512342500012915679895447168198655064853495185237618752378745933739421767675;;;
᠒᠒᠑;1985512575049083807957091055511961399222887032080991192275905882393171562269;;;
᠒᠒᠒;7775620120411768042745803260230255004112118360270597937492747624706967946853;;;
᠒᠒᠓;77830627402580621088587675424444206767176880099526591334479052395788898028115;;;
᠒᠒᠔;17011801439099389766987861255766866287751452675298536921494045972977736930701;;;
᠒᠒᠕;45604549327313744197658960480536011225750270124692583421001797660744766924716;;;
᠒᠒᠖;36976569036056551548332079819612540330428212437020135379678951084273748828875;;;
᠒᠒᠗;112959628665430621104339646933586905425192040499757539163421256774735367063096;;;
᠒᠒᠘;12749261629446179842588811124529515381649376639425296443570371175878086641030;;;
᠒᠒᠙;57469735120977407154604660225783203279273132461838740832140038273906073801438;;;
᠒᠓᠐;89690399265772698774398186480700614925317825865508226828277346135466640351637;;;
᠒᠓᠑;98108979674604839612591495348547455822779720018609009830678247155902842800861;;;
᠒᠓᠒;87176589007656478731480197268529709388423468168003414250615054409491352711294;;;
᠒᠓᠓;40010815975167004528448825379666366209269485424261672897315327364764843646639;;;
᠒᠓᠔;1340426386933671289190412195642228895699658006749981166118879570026056681012;;;
᠒᠓᠕;82368983383231487936923062866701594234222504443516201345783959155972480937049;;;
᠒᠓᠖;31369616579192176478200683942438084574729722037499299545904325663935846293740;;;
᠒᠓᠗;91627820188254270717046892502705082092262115788763593599308700501825285056685;;;
᠒᠓᠘;101688730845089651417601203162543184107572117514706316550892140579730907370923;;;
᠒᠓᠙;14284595659537375119763981484388985512737783517252993887754740933134218083320;;;
᠒᠔᠐;86429125578459024434615635919950551887150841601004074877412150539488754414697;;;
᠒᠔᠑;58491845368400180314932426981915543410426990330787325110121443240914132922262;;;
᠒᠔᠒;45981213895910692329310896679936929012160271371555079014709315482111873272606;;;
᠒᠔᠓;17979056570773988103585791068775847240860925511460712803054155325991931164061;;;
᠒᠔᠔;34863252011902183501190624725339977227391968616940576576874188502876263774638;;;
᠒᠔᠕;70783823546549606550005927660002486007386610697669285933772800218046417534076;;;
᠒᠔᠖;73718386111406721642325093089833989251060895371301596070317932057407416443535;;;
᠒᠔᠗;54341815112899655388623655431841301251005629375273954494183299333115785349949;;;
᠒᠔᠘;87872590694863064518368223465859777685666368632454144226013423346770179617974;;;
᠒᠔᠙;59490636585003617898072351260650823167914784806072878402931696661060133038837;;;
᠒᠕᠐;95112782844641781196441667800082200352515635743871265631162970790880115604264;;;
᠒᠕᠑;40643344331733464537257087383696577561288688181340593439691229912253458818018;;;
᠒᠕᠒;19660480897102719507741978348997046513509020857262150926752192786879635655734;;;
᠒᠕᠓;65800766761586757318582058777588510536792036884359168911957875512208038100672;;;
᠒᠕᠔;23956322870879416215091689055492253074348239619226407084784390921867384799727;;;
᠒᠕᠕;6818548358444175904687195834474414756262842178171646462842429138766922186211;;;
᠒᠕᠖;112907316270632355389964370558380539335630362806335278147380895985322324072573;;;
᠒᠕᠗;17416819947515816628347209089525397209373810406924000183079168809299157249470;;;
᠒᠕᠘;4047557525640383390763854402001096744872547858605150279680855844453779819447;;;
᠒᠕᠙;92658155675181764388142374928191272738754151682780224189124828006296690133349;;;
᠒᠖᠐;81922316126318660905129503240371134149678191579661264617104847435769465714452;;;
᠒᠖᠑;46202769464494203972827565871275823430372060036612001322657410388125417353876;;;
᠒᠖᠒;34448357657976739657125934631847993239136663653163276280036875631607095262397;;;
᠒᠖᠓;17077046278020738470729623753584364114889910067655163454983022079356855479151;;;
᠒᠖᠔;115099350737152191041930438908595081945951064842887717608353305145340262342141;;;
᠒᠖᠕;39699031957987289735672304137611935457338134115217286644064483581685009391035;;;
᠒᠖᠖;92121452730412591982093607137702560902963058498510565214115268722770177477603;;;
᠒᠖᠗;64427728142124941557656986567363717926850723175729150448283349437704750651858;;;
᠒᠖᠘;70964507005512703557504578472834466712963275845150532676900510612134387637380;;;
᠒᠖᠙;112458642812803244261998962605230353847945806642657063686378198999868778381724;;;
᠒᠗᠐;111385692615228695625193149539573916852189138068859409655456989742943941980298;;;
᠒᠗᠑;97307500620448210219531616352011962275954612615393714600492902553678585636411;;;
᠒᠗᠒;104827582433879466435264501353619373965082303362284559906884603103529397524935;;;
᠒᠗᠓;8313341606671346722646454522514619100800413949573475494956539839160395884032;;;
᠒᠗᠔;3341441665752192612206780121549222559715571013025812549878200456616244108647;;;
᠒᠗᠕;33792804997673672919514845144378862057575282462692478889653017075547570015783;;;
᠒᠗᠖;103465904535145821177806451609113184125692402076402580448971733227073830487225;;;
᠒᠗᠗;89163516989444842141190145150924735410600280468497410387502837692586089365845;;;
᠒᠗᠘;88112160810737731229468899130650234937194131773181283732912334225834513322312;;;
᠒᠗᠙;45001587731084624949989811710212604168841499681061029578543170573010421250580;;;
᠒᠘᠐;28129778041466182910705865293684163257325265766128747321201504975560531477023;;;
᠒᠘᠑;50577436736153861819986404656729383300008780116902817922539578092948985609322;;;
᠒᠘᠒;82812171912432240590171412723457078355568749573722754299512910153693819130340;;;
᠒᠘᠓;49560278427623449532229342391095851423655254633455380076182527505288320345536;;;
᠒᠘᠔;33751123513283863801698528856631852350434938070714413274863609453489417930827;;;
᠒᠘᠕;102550883627018887034171927680647356951816280582393439103357345204264253715195;;;
᠒᠘᠖;95913526803398288476124374319288740631790357352463997800094910122909319437315;;;
᠒᠘᠗;39527997447251100615913940093039016171982253663702884406851203737062689192456;;;
᠒᠘᠘;76446653128571648797507729440507975931519094778452473507386424144521376346226;;;
᠒᠘᠙;101656711973357019030577499015659137722325548933294014574328292995719763000613;;;
᠒᠙᠐;22187021852380880732726564614650911159102115771174752107968767881475763286971;;;
᠒᠙᠑;34928502696817688654379315794941847681207597667451273943948309363310972702944;;;
᠒᠙᠒;55753612742938109300069910820634060321315994793039473112379896031845724175182;;;
᠒᠙᠓;29649423014055165457540712673102147038185794778212958711457783801773812505685;;;
᠒᠙᠔;42696519988388894806664164594526605953930642326643263435758940103052477218767;;;
᠒᠙᠕;77638902708770991948225912201872662808555521686529530553649824851489932294821;;;
᠒᠙᠖;28649521815554196247621734958167657029683333881048904902675394580098159804502;;;
᠒᠙᠗;110066563544708294363489665157078194456696733021791746010438811908933097074584;;;
᠒᠙᠘;89369427843259693270586356611648523436422327366806951473436903927366779918687;;;
᠒᠙᠙;59611062333629961954329777287429323773241673079846513989832982594594976987573;;;
᠓᠐᠐;108013971729769004919239541772429218855464822489895703013956428049541682809698;;;
᠓᠐᠑;30174364369112979936556913300836621629071008539349124492169023309779304568191;;;
᠓᠐᠒;113846291426776228666146041992821205627216429885591576611640614905814386489323;;;
᠓᠐᠓;24664922432715915893487780316497461996986363700192625718292102575883363243278;;;
᠓᠐᠔;28224290011371868403060212524180176993037196599818539197224257764444403372401;;;
᠓᠐᠕;44370784734845680605339299670854206771864199414358101500384190209136143944334;;;
᠓᠐᠖;64064494516590648760682364303775114668277449110323044531242975610844952605204;;;
᠓᠐᠗;26034977070226679024415944874218919253475128401328161639642485666902243330613;;;
᠓᠐᠘;57684515554826236681382975593021270324628806692327382323957812203578946999258;;;
᠓᠐᠙;56415091474217615866745972238111284670386622089827625983307047330700549458193;;;
᠓᠑᠐;17605890584380014929184818097424100992237788198828366942620888557704853648584;;;
᠓᠑᠑;77109005636941348095335169965771444794611907525747226852009107195733457460758;;;
᠓᠑᠒;3477482265073593117010793220689032428080832648721228779029397482515625878736;;;
᠓᠑᠓;22741334878223338878178821124961486410022195214689662610907846266977368296224;;;
᠓᠑᠔;56407792840785325340525721700431392293311615602546431451850975159986905427168;;;
᠓᠑᠕;50406235119691600565677723784501142779440392453712770099467838670575587919594;;;
᠓᠑᠖;56820704184929128486215020648802831871733749729900915230173143117603637164153;;;
᠓᠑᠗;90888904238014816693071347086389020572996673842910049127378124728415918010189;;;
᠓᠑᠘;11365974534299665902159557004332021011190112600786556721069799060613916139851;;;
᠓᠑᠙;724163293314999637259049241315306109973725593629414083056689928878510205212;;;
᠓᠒᠐;8691401528327737413580496501613165036083202819151717407322388070748716129166;;;
᠓᠒᠑;62784742082473982318270359901738088581858566650433350635318657921101803926669;;;
᠓᠒᠒;50112640167331613807524622769803111769112060295670589031872148902655010413991;;;
᠓᠒᠓;104193061069256845702115267073429282950750869815872852967478889462503546345606;;;
᠓᠒᠔;21082806415170277197977731089077748585401892199102401686040653765726754581634;;;
᠓᠒᠕;26483413429264789701829873629778302868588336320156503796860389449246718142819;;;
᠓᠒᠖;84986992095232561363901668471710791769125368723091473779506624682035113807566;;;
᠓᠒᠗;73624655935721216919426076595680672145724239960801916993280502698372040101567;;;
᠓᠒᠘;82383655764380960775093682478119732143824971609925759477606691428949670054238;;;
᠓᠒᠙;38271869144732016656907622809070795248111835257711347956451611430466371989722;;;
᠓᠓᠐;90672193149542184365709473453226293345783636693696654618777759112497184460308;;;
᠓᠓᠑;85274362285267530432741542576815254895538577366388051398659253294585886256063;;;
᠓᠓᠒;81390370717441979161882642556866561809522256957009334702286339402303085548309;;;
᠓᠓᠓;57485867549266939304218625272386324033208871400863670367926189794573679169079;;;
᠓᠓᠔;43421768676515638067203054996618135020045756156324400522661025148062972308685;;;
᠓᠓᠕;106741956345486946529018104226726698776337593402009806552004178401784120017666;;;
᠓᠓᠖;96987615586660210499267612004358956878821468954036693167030285103736338273310;;;
᠓᠓᠗;110660912074313950896263088109363828807310868692740519128281290420650075899253;;;
᠓᠓᠘;19588662013146703784926790764407039701654903105170513446658754759527717613637;;;
᠓᠓᠙;9477895680393366970414066906842317329566137679529185110393642990289259397291;;;
᠓᠔᠐;93466527977407102269016407483196842304796623798981275267233627733039281886368;;;
᠓᠔᠑;51665786633944506292580830263790919286462462197122514156550486800788978913593;;;
᠓᠔᠒;31898190512329489274906370376362654128114366802254819100771710716029373002025;;;
᠓᠔᠓;71965015984985928234352173922100788133491338038513479739199442302066345959532;;;
᠓᠔᠔;14929779892983782134357757182842717665930235451408791949414006390566620708210;;;
᠓᠔᠕;77843474845600541884638377690391401806940303688707670454008284372758352444283;;;
᠓᠔᠖;36933862832605463699540839460562150817655477717948558466507922049389079350119;;;
᠓᠔᠗;79958070377338670214495514121601186211601246240274187774692675696898640092257;;;
᠓᠔᠘;26780844671312013063097066488771441832613917286162176290188973184508755023019;;;
᠓᠔᠙;97462647067434495558575796450991206933000154755526246017048270072064305612067;;;
᠓᠕᠐;58448466976867465777427294398155896646941845339611664573480944202234171342197;;;
᠓᠕᠑;24102547984043798218886666187292288138930846169413178740006599962966732861305;;;
᠓᠕᠒;37497901890357256754904886410744521855220719988139041262742502091704533541652;;;
᠓᠕᠓;74185724565091711747063539871790210329852274278024406463503519208171857209476;;;
᠓᠕᠔;39398884305553659130384804832515436676400016716705363112384447849003011382932;;;
᠓᠕᠕;78560316830436010303315280267149465671760792425918431147964695320115883904084;;;
᠓᠕᠖;27636070977909830220199968358939190468691817590025757063008128171035280775753;;;
᠓᠕᠗;66037670635571879770786316660876198687755947575083980136369552272827862859510;;;
᠓᠕᠘;40516735016972076626837745621840473780129509199805721823319423369582347678208;;;
᠓᠕᠙;19336774873715917945662130463113671295125811376573136399503536442220797584853;;;
᠓᠖᠐;90540474793750624819036710914759262071241048839276565616955640711569354510466;;;
᠓᠖᠑;46989432986303692172744808391105841292502459125557746764066532934293858315206;;;
᠓᠖᠒;93758115618338263564484912146108759336687556368695152039166270085748460247288;;;
᠓᠖᠓;73889476353786316234362631356539047388555666479064723292014151820521114602609;;;
᠓᠖᠔;29284321827178339594218682449623049112490560809257372130380382657627858967671;;;
᠓᠖᠕;33878803765909479495308470219432299326584415063114634711100086010694751120927;;;
᠓᠖᠖;106144463609797787502321148311112645640653210316106088924575004752647975734388;;;
᠓᠖᠗;84410282835136797689393057706611356747610895561240909236617850278495356684839;;;
᠓᠖᠘;40096998211575710992039737594046486142847694288514989670381227746831862197071;;;
᠓᠖᠙;95790703182285442149896659682431375414974277962491901575675737438055237229113;;;
᠓᠗᠐;92079680750196601713420713628339547678066919003876085838846997854413639175275;;;
᠓᠗᠑;5878232287105851623593160542531936850909522409364587200272056105587411296073;;;
᠓᠗᠒;27734416771580626665158591996566086847317401450626959698209234145679271652578;;;
᠓᠗᠓;38760694980817470145513731155255647492981798945262450382792548323592899581596;;;
᠓᠗᠔;8928676209636137762500461571866208580935585461301302713767636890349493107972;;;
᠓᠗᠕;112342778577414291468164310438780258728532272163313723698373406757800550005300;;;
᠓᠗᠖;110844150813696872426383309535863944121944031765811316407374994569963023416507;;;
᠓᠗᠗;66386513204713618351845800637999100219536602961445998920080100027078798996122;;;
᠓᠗᠘;86262552273101614374152238685697438365815690938667433962442914772936173848205;;;
᠓᠗᠙;104202268035811098754839473042893210668391525814409725786987235928876582359501;;;
᠓᠘᠐;39585408766665500599265877839514602460281281180566764177652845316288705920197;;;
᠓᠘᠑;65802435469354670899193397657729677464340781879920466989599878679192166566816;;;
᠓᠘᠒;13862564481264858552208622804319058756229383907343695641775362891463055483852;;;
᠓᠘᠓;87488392030775290071379816329129475833321910201658808345065107579547247192790;;;
᠓᠘᠔;5818357916162486914766112755645457338391908006471191476294670047696078547272;;;
᠓᠘᠕;114808820725957444018266185778473801406675272764574216857104155116432154800836;;;
᠓᠘᠖;45777330828318974788221046293084580333089491404921433328985448465409977423650;;;
᠓᠘᠗;31541261073062422641000793468889999529535068962523497011098945526322479940859;;;
᠓᠘᠘;78807768208940335919984535878179459588058801729283072707381164635680421542691;;;
᠓᠘᠙;106810149739333798404757515019396073680795685011664803569692849293509577585640;;;
᠓᠙᠐;61660789568185063528187925462563548965877167904793548157375937990573815134075;;;
᠓᠙᠑;96065745502213877158243756935430380883840417782614045317581332838427610864180;;;
᠓᠙᠒;18627674327061907718890256583410833262283036703745766453140736369925843295931;;;
᠓᠙᠓;77471100124691508375543804302351676719485787629338856169502230160296272278898;;;
᠓᠙᠔;98602057760801810984546573367104600134749689852994023144712162730281762767665;;;
᠓᠙᠕;90300991012617322109517008601370423714782234567161261942447693609194461844354;;;
᠓᠙᠖;78962814637750315605152667659109371030140290322417082946408933719054528781801;;;
᠓᠙᠗;35064942552927426717191795160966598529559879756079266564887505448776854573551;;;
᠓᠙᠘;96896670762998120879985194331995151491813698182350575641455509807307977662694;;;
᠓᠙᠙;62616148523934211108986159384740120561475310874951695915854625472285314326672;;;
᠔᠐᠐;105857412735632495430697280152119445761249142736839524805784598404530225664356;;;
᠔᠐᠑;8605071941498914637552198457250067086416030888586115798436306051031802298532;;;
᠔᠐᠒;59912852170410356527793724143617051393168195996552828734388145440986616280427;;;
᠔᠐᠓;66028284007570045944090905680232641102846578744058461482783008780351234727791;;;
᠔᠐᠔;111134025321846168096532053638164948306827051247172758204898591475013105940542;;;
᠔᠐᠕;106121030804865416020182070511298315266808539395864899950052242352485507889812;;;
᠔᠐᠖;17968562998630249134824010863997812794165591770874101920989288034775141506819;;;
᠔᠐᠗;94010683999634790991058017085279577100641057825918884682405647990937640466142;;;
᠔᠐᠘;34743639916891607483813997124041608977066394378652374632155330527088175961017;;;
᠔᠐᠙;4652281900005924049567477447631615117329934964055730485992245543781189000811;;;
᠔᠑᠐;30829813384448074599161048859759683892135644146689014817101399003913556334204;;;
᠔᠑᠑;102700772691972322431790769883118724579955796897967812947729051385890034409194;;;
᠔᠑᠒;51749597593009706620013757232758504167092847321276686732341261122696978931468;;;
᠔᠑᠓;58713387255544647783743631003110657663024740071567936675543445120526568391806;;;
᠔᠑᠔;2934146676994965766554594234848961261034120180125755841410426267363421620965;;;
᠔᠑᠕;6551324160204878394573225613528823969915766378382445283654897216357729521130;;;
᠔᠑᠖;28927438170950590343520416887669583074750417008123006875531877012256332891105;;;
᠔᠑᠗;71187586559490973829536791025879836400131409533887275044658718271664334073867;;;
᠔᠑᠘;42050535010359738043963467169830252563904194223524849904639229660518661456204;;;
᠔᠑᠙;23902066684701153203409382306715143950212036841988593949295855531433236796817;;;
᠔᠒᠐;83882631180307393959684393402996419378417132875274308299816928951522161614563;;;
᠔᠒᠑;33619245924326535256712686205387800395917004598049802531357928366153826820153;;;
᠔᠒᠒;545938087470349194993410359772507347231129575693840995686070715922730050477;;;
᠔᠒᠓;27087506553042058663347284507545001156008147115560975250907364154010297285875;;;
᠔᠒᠔;110261148084737201572613475397479406872914212743589536192937910578983947519950;;;
᠔᠒᠕;92788236304493886914588640194425965324540567023835609093788946283769878682797;;;
᠔᠒᠖;54636602371555299952926852145093721630628241130532413602760661688004171725427;;;
᠔᠒᠗;42413644860051674651032424363826961704879422177000135866787574922946361306496;;;
᠔᠒᠘;36706517213047356565482729253635678032242167709182888080356146526443901405751;;;
᠔᠒᠙;106840213786179419465862440976105711254748292454308472719426805028634708621916;;;
᠔᠓᠐;48316878200856118998721185000343911565658912876243477723025640541491378745160;;;
᠔᠓᠑;51793305849819223773779913223101426460714157967029945701657976344786878942644;;;
᠔᠓᠒;100667725449077767163086510198226731563401912811772245319546864887838769073308;;;
᠔᠓᠓;58777841927986864784356121266192717033279482673676750105361373351191044217581;;;
᠔᠓᠔;42951945720456086343816522088673596903926048271826573758895952798178226077609;;;
᠔᠓᠕;111715477655815254557956667911018038172959764472963944329247347621318071395376;;;
᠔᠓᠖;6475613299745711273136963497939344853322564768398655136712127631681628910421;;;
᠔᠓᠗;67286755016947886455132921152457106106879817355784223546544040513333043432212;;;
᠔᠓᠘;51284309192239603389115720008126962587936518669253706762539673398469185545804;;;
᠔᠓᠙;38969865557599639032611475657765414974104962301660355448818543599779471699618;;;
᠔᠔᠐;41090491694218846762026463735758295075637245295722962722042835498145376361538;;;
᠔᠔᠑;72184343496574622517727584321322100608115637399372563118377590096871992200272;;;
᠔᠔᠒;90479253421541500667368248036225823400542684531108857969561129892870189294123;;;
᠔᠔᠓;68653281646860489648624227661657581007097925706965036245944606618862947626193;;;
᠔᠔᠔;49271984546297096200187886527367879714244035401058224771158812451615809298361;;;
᠔᠔᠕;75293671777778411018519596910799406923525977915931536126208401471682112008217;;;
᠔᠔᠖;113010406538911441401574229815456098494837885356329087240561075173663214543580;;;
᠔᠔᠗;115182611085806883992851328938821910794022220643037659503398270675594719457857;;;
᠔᠔᠘;58538363320892519289623050450358446672862602846201462301838714038544961175220;;;
᠔᠔᠙;91819509575851055329383166955818049543085328126800613956028324593554773908024;;;
᠔᠕᠐;41513752532944999332727594425539744635790972519836417331716208477837108674981;;;
᠔᠕᠑;42632934460879239552561252774446434902380212454033619117031046059130029080104;;;
᠔᠕᠒;75111191197973097762934717164509488956244899265642366979656087297534935545730;;;
᠔᠕᠓;110136217033729854882790289851234254742201752867627269510800786585788359492261;;;
᠔᠕᠔;43543564141854794043076537896588046406333697148936458697886595394732051142749;;;
᠔᠕᠕;98826958366957645355857217893251269061880601614344680422007851005087560916687;;;
᠔᠕᠖;52580032864107507383570055402584708787224713321028991117263990919519706000771;;;
᠔᠕᠗;66370758826455819585867861521338509964396326842375615567361329427721836675031;;;
᠔᠕᠘;21140825806203360787247215630544634982127287838505658841414362260173541211426;;;
᠔᠕᠙;77077661771403818653153294629852109017597703583117519490440346404695640199569;;;
᠔᠖᠐;105816046520008121851892537401452048827915909662258914228905607652534300791369;;;
᠔᠖᠑;29600748596989435604026284686298962647623287016990084812305839607323761598516;;;
᠔᠖᠒;107627213935770929033375841297459069299066570442573810826007035404040296418045;;;
᠔᠖᠓;73454365099696638854560636908357414349037062988629270039321986878844274528033;;;
᠔᠖᠔;32219668829109427801951793592948584681408089857619297205920063765668507275265;;;
᠔᠖᠕;103592768608794837988752901332417347297937841929037506529490179153208821706341;;;
᠔᠖᠖;113672035345341296250260704816769953898861862486726949380854346572319933673630;;;
᠔᠖᠗;99469721964695927336307377589136959093620778138673756874993864604138549813303;;;
᠔᠖᠘;56566707193199070666451222257597186694885069854624229240241963607934408279745;;;
᠔᠖᠙;30991333665321960714614264061246928736238665506846428629353709434031450092781;;;
᠔᠗᠐;67810031047960042432431289661497111884931073616806183820126199683030375838495;;;
᠔᠗᠑;100984457257548873061225751265700265010641999141167720821814286359739523202621;;;
᠔᠗᠒;106518958073447832119904667956519515120387749989797451711443556485920009053714;;;
᠔᠗᠓;94869585030528570890242865499806132941135444895363430639918572048467517599748;;;
᠔᠗᠔;92395154384674676529709560896752051933375405101670164257105984203593885636274;;;
᠔᠗᠕;17200791394220667888950516293824499323845579895928770302274438654574298532748;;;
᠔᠗᠖;97460695026234807651743766781518722900254635544611483639195506957372817398762;;;
᠔᠗᠗;106652056805511682784780495951687942143402850140045349239606658578235521170628;;;
᠔᠗᠘;108945177015156041190044451788111160600162662791433024482560811641076251625903;;;
᠔᠗᠙;62960670025311743703151539405606087883281454237842734897869796340117459238680;;;
᠔᠘᠐;16711496395572904673284645079717571782465758088282909357559444928035948512811;;;
᠔᠘᠑;61280238656690024288572368090544747619767387125380059150923011381121805002561;;;
᠔᠘᠒;47067990517239721586096789404893542635736181605478639890636801415600652469245;;;
᠔᠘᠓;68838534461780455766848259685579101042828905560413391971076188401927083046396;;;
᠔᠘᠔;28517417054965614354943438250683788880850160466482987225597755028333447838214;;;
᠔᠘᠕;33159386200992744700506360101952166500093331023198244364636782333593961905149;;;
᠔᠘᠖;111273733635816546737719431465955385184455518633001293451907691370777464118520;;;
᠔᠘᠗;76700877884520007806818539780005323689134624502933532079976680252212613646668;;;
᠔᠘᠘;81993605652655116735593393677701644555820736732153768589273619801000784431862;;;
᠔᠘᠙;10834201896487913108503260807014164887629124019478811931935384859107068204867;;;
᠔᠙᠐;84642068086419643804861110865347366228333509017051580500875940900987113445845;;;
᠔᠙᠑;68289936216375033946749453918514625844424017985605429114214299601566998321071;;;
᠔᠙᠒;8823604258844137262826628085931653674530296139710752701573832527677134607607;;;
᠔᠙᠓;18097638615923109379465556473411732493322361105160618541072707717675507323003;;;
᠔᠙᠔;62253799935155441703179073982040064404665616399646091277040690618268708115605;;;
᠔᠙᠕;92070576422100253701257382843319154165266158080335306554835212995414473126649;;;
᠔᠙᠖;45149669682876244771477146968827472091401588157032672967688441277657388980203;;;
᠔᠙᠗;92631090391594006253837161653347647300109555485064684208598676736819287734398;;;
᠔᠙᠘;50857301835471376685794933904256956199034713930211458257760535386287091431771;;;
᠔᠙᠙;111000609387541454644531840219149271514530107342272704406116045104734336988534;;;
᠕᠐᠐;20392486647404328454588920308558153470995505491276503738589234342268508316333;;;
᠕᠐᠑;94850494548253090075537663958080923976730348313256624264499030960223739668551;;;
᠕᠐᠒;44171689032659298694623169733711419854999457009367767563058487341679188696123;;;
᠕᠐᠓;15751849962182749464197053732884730188016018276387393981216270536537490939411;;;
᠕᠐᠔;108149689604732399596076095938243138950457406849727111027312932425699363583387;;;
᠕᠐᠕;37757952987226706864981646178214054782933376770720212930238304618161714426338;;;
᠕᠐᠖;2250671673229023865962484429016218330040772726794633662058809459309991141895;;;
᠕᠐᠗;97572863309148636531766287505263751115779846318677314929343471437024986534219;;;
᠕᠐᠘;52783009730936346929977019550585645735390293189294566755976223496502632458782;;;
᠕᠐᠙;88865940085117591254273138609032595896843097274367899331231543110832282043593;;;
᠕᠑᠐;69887615511393745760498509834290439402231013546989279116418519697651261863652;;;
᠕᠑᠑;83092003291779742182334364274112167871123803942382806833377886359937888997927;;;
᠕᠑᠒;34479460663683508822974272117378277454482921465039621389194890284128350252735;;;
᠕᠑᠓;105592506072201850166426677215535813712183497754299472352070209882460430313889;;;
᠕᠑᠔;30048894828848114346459322800581766981050826584084416418390967008671117852832;;;
᠕᠑᠕;25359395558540214198111153394825485470464707003701245301306535673556874385146;;;
᠕᠑᠖;69276943421479738389800097929862172786405739596772060877851599615026131953106;;;
᠕᠑᠗;112105406740650938958097087205269272202941017999363157351742458889505331046212;;;
᠕᠑᠘;60691822691205729832098260553771688329214246851297257109088393350133598958940;;;
᠕᠑᠙;58392378569904006158307013861352701586983431207111418523725505713344797758975;;;
᠕᠒᠐;11606399892445953892225408679364299211168907253121259071628403820015797600706;;;
᠕᠒᠑;588726521187805208743198421806304286150287616221274831759734720240867617075;;;
᠕᠒᠒;34051722483089109727513202919943009171144917099800322797841197881446400041882;;;
᠕᠒᠓;28313415925904349193378739300282409907391165365238230283984262996797781536926;;;
᠕᠒᠔;38560422023325739049930396886872548563396564950501131441522505752402072565286;;;
᠕᠒᠕;67102203794136931881342979676601450686122277789179494291547347750960567536218;;;
᠕᠒᠖;76234479605436182363544164622359009718209620758729885630714128853230347451024;;;
᠕᠒᠗;110800187291243538706105710075752874443293613115098730621430637694524705322731;;;
᠕᠒᠘;103992130950807455949856119649302547305106462136383614407953565884925251884728;;;
᠕᠒᠙;91493379571147223577098714876384947249472425046120957629825190220795299180872;;;
᠕᠓᠐;81442272471946162008873091665279538437039683051107236680740794993987972811961;;;
᠕᠓᠑;106287489164353581369338507471402595802510381147229272130509304826688637570535;;;
᠕᠓᠒;93123742008308952950630473482598840208022591250881945606439115764937107553755;;;
᠕᠓᠓;67490183565561057151164502133552497813849531451427619762465446279291163482616;;;
᠕᠓᠔;91964757439374876280519337508627053106064270203927327251141072548912230130372;;;
᠕᠓᠕;61560064188585808433467555314305984008976080004110175252156344226913989568589;;;
᠕᠓᠖;11885245442066128721720200317962538625618554648892153315452143014635984513327;;;
᠕᠓᠗;115020609572489635714293989439713838491184483916876164027516210864531591904218;;;
᠕᠓᠘;33024280085636876954454110192958272172565732286637640453050625082320455969312;;;
᠕᠓᠙;96349438272229024298564276860218441337105037202815829526128670656848389827272;;;
᠕᠔᠐;1753063994269877751279273877865617795242349558959916507832345212462394291389;;;
᠕᠔᠑;96832405971943172179757893443848896111286577775463612854820161597317799499764;;;
᠕᠔᠒;16943370120011153741628087643129283852827386907037448075994497009723109202813;;;
᠕᠔᠓;65122020132689419309301858972279959131442749301817652290734818537012696596160;;;
᠕᠔᠔;61251391976597810310567206632781257029861973175632140525291803153483565331200;;;
᠕᠔᠕;114725560295936282918475459813583165128910843628051678790574816022960074384778;;;
᠕᠔᠖;84970015146036611140658525154001669221272289979562511281113981624032485831223;;;
᠕᠔᠗;48571586305095058526129158555021476032938255470847743184588330761012546177467;;;
᠕᠔᠘;112637011032737896019322666801490796354078950160495950285758148769332954842945;;;
᠕᠔᠙;98841994424342652402051415274705152926435775946673574848025330056553014270625;;;
᠕᠕᠐;34728193417232358034185906760644879307718310253443069627398001144355072136506;;;
᠕᠕᠑;36431536123961464818187681090048178205751743756957982197624192898415792438720;;;
᠕᠕᠒;8089548432376257050478699776779199229282583495076599906182967190431360785804;;;
᠕᠕᠓;86297626614351143945541691310763497063034442166413355314747046719584282097958;;;
᠕᠕᠔;1626381553678642842133878617118849621406024223499943840239702441889105352984;;;
᠕᠕᠕;74234346232864595740955604082210418761273190567355766693556436392538114245959;;;
᠕᠕᠖;31531439858116911015837649042662596235139520748232782347082395814150284347888;;;
᠕᠕᠗;41425012909736188351492988181801551357573361852961121195844637041227258119215;;;
᠕᠕᠘;33153672487634787477752094946266802418095054480201923081695777247381552524208;;;
᠕᠕᠙;67374011828718079430896956976920790769135391933490919320824047115469771580269;;;
᠕᠖᠐;104957969816737347941560650763233109937071642638120504909077237333666865430843;;;
᠕᠖᠑;86812961836413328598489841402473196529795428273511471936274815304613778237097;;;
᠕᠖᠒;29976928036800491337713443342875549409770402013970667897967716263478203552556;;;
᠕᠖᠓;19505787536426783936465979028307094216810246266978969222281506585629436854048;;;
᠕᠖᠔;85245791721373437988212650800461844541825315883083589194937014809131458846360;;;
᠕᠖᠕;111490936236820462221960281125250348819534354688636157986821838883860304075076;;;
᠕᠖᠖;29842265757044905147847496314058827022182031156204314395268654929118831029596;;;
᠕᠖᠗;24047052063725402289578855961867011184083371269570294285565730731506167088841;;;
᠕᠖᠘;10118797460037214429590447769295770373534385819688355176697635745961505647355;;;
᠕᠖᠙;71500210294869735744978285038363510002501730950477569330848377468950712731931;;;
᠕᠗᠐;35978711746555899312773796156576716033757016540155224285951471980414424367564;;;
᠕᠗᠑;43448145370930656031533015921569794765803992980982778525832076839189568380493;;;
᠕᠗᠒;94242947625829861737373351986216939898199163668725652945824220342204335912450;;;
᠕᠗᠓;58578635702433217313851014909903322966272019922710178508057686059430080697067;;;
᠕᠗᠔;5270624423198678315172041353129953648828335062173547263623219236269895258541;;;
᠕᠗᠕;6191237882830229675608313537232824310933122605974983584385588881734294287842;;;
᠕᠗᠖;87215555697519261205327759092992088280556601871362242155815723050781708655697;;;
᠕᠗᠗;41182802070685112911360806551847211478216608992507471562486048783937880076362;;;
᠕᠗᠘;106275631785547106882790538785746183633618535646474262367233218978114115318790;;;
᠕᠗᠙;63694401444530515260554025312338070546718495032937181040372274645866049502593;;;
᠕᠘᠐;74517271739498020462093079741654149043376592637506531746206239044844854310148;;;
᠕᠘᠑;71516585615734214906581615526666969716870432684436714402408080243364778304253;;;
᠕᠘᠒;87193183164490527786365220870389162073696764202422586610916456976095004205670;;;
᠕᠘᠓;28507622379453110066704108974065072468101963548252453066692214651411537189541;;;
᠕᠘᠔;54538906567302372327793924407996068586350699103640416931527288548467463270169;;;
᠕᠘᠕;100102952777755720431655755398199751731402177885742553074504388722876900507253;;;
᠕᠘᠖;65475862888023694999157432217512633953959006107438086801983521615694377771708;;;
᠕᠘᠗;80386107424524468822779013929205415173716495585173061260781323355247219980036;;;
᠕᠘᠘;104803938361738315337508245207428411743908822623778631794503435734963512091960;;;
᠕᠘᠙;33687549469226698288172729767456424073581923647815385408283981813393326789761;;;
᠕᠙᠐;61994517863397668560506957829605114853620579796442967935506623835881426807059;;;
᠕᠙᠑;44473735310969408056149299485911515096128449480598651598853452118865201979178;;;
᠕᠙᠒;36220231682692450362802144862511246442996955392039541139468337497960314711683;;;
᠕᠙᠓;31475509525015896826746657684118345137899020330903223340458202380742053292801;;;
᠕᠙᠔;51482135380256225741440069420933014188873723158800647405415361639685670973826;;;
᠕᠙᠕;50163538959705950313028879353120887534080925725806004679996220753894597341405;;;
᠕᠙᠖;4336756240455933716121450966410965693094318781074727815128227244210117182259;;;
᠕᠙᠗;80962236401184020999472437550469721024558225724570269820626520076180764484497;;;
᠕᠙᠘;2693294601584509645143240324306571092420281425212867227450207326486400505066;;;
᠕᠙᠙;46537882698118402017240597379390362745361412707310568781741384144307624367302;;;
᠖᠐᠐;60231898785796846080199974345152580061557619257767428496644287371709847191523;;;
᠖᠐᠑;106915604876778778372970506132020341978837532492609653316805789497416997773256;;;
᠖᠐᠒;98531808013613547332192397687752339973887243471810479257131791256853312777944;;;
᠖᠐᠓;114618678984312441729526404550195920629076921799971159428247824961152489366676;;;
᠖᠐᠔;19908466108461295760266118901669543946616407017222227978684000491793570774050;;;
᠖᠐᠕;65139570748028605103230693142626970609277077572881286985317658998754063215264;;;
᠖᠐᠖;78476045929830701338765280154792387823403990077873530114334200775042061977460;;;
᠖᠐᠗;41172803641326977701553601556496406488044771167486847477240595890559507891310;;;
᠖᠐᠘;98540945939562013551865144994499843065035618239367914974542427518001127168629;;;
᠖᠐᠙;50605509578345243030998250740587538616148107141341512012293784529471628588503;;;
᠖᠑᠐;98513228405195351554163387841135957694045738413288464595094995126186294904499;;;
᠖᠑᠑;56050522129280030892610779221802818424958793513762238688845632137183664325172;;;
᠖᠑᠒;40863633728198504253068805450192679004375612831783142676645242380921552205804;;;
᠖᠑᠓;4977160766910009449091327870877060256287675610621294725412370645428782424202;;;
᠖᠑᠔;13473361094788011539662625361675335595746150951586193178741295356835319743932;;;
᠖᠑᠕;4393008998868541139401517033862059133216348725608826421142103398387718944884;;;
᠖᠑᠖;99171693246258045956825357073072235238794371831022607614894291531181286795509;;;
᠖᠑᠗;46273133011599940029865003769410345181428030701232778548327726381890500294878;;;
᠖᠑᠘;29500435008392994657788007289143753854161645437196939567768432251086864533954;;;
᠖᠑᠙;74913813817893151712057076274126840442226345376349675725334457784356335259944;;;
᠖᠒᠐;106416552705802789462223087801934259099095854688629209396585010486802477704606;;;
᠖᠒᠑;111766908179352950735793430860946337028388582496312382594280790126732639532727;;;
᠖᠒᠒;76195790701300675029435881756113974315659128053348699643717545325432018144548;;;
᠖᠒᠓;68757334728757882823294283547307220643091396320149427853728434598332331034378;;;
᠖᠒᠔;9228800073720328774277538160458956987353996090247911461571989798734203628398;;;
᠖᠒᠕;6183149729465856080023796028092455174069830667241913896325000182309662203852;;;
᠖᠒᠖;46682421669696810427644690622476865053737846785060311338874832111241173431629;;;
᠖᠒᠗;66803847445357057912330335721955856008617039451968188511842862539539948912218;;;
᠖᠒᠘;90383378807553293401156665671514030254115481502599858480118762144984989649417;;;
᠖᠒᠙;31117576814577604244097804626997553831628801810564765262921869638655438420779;;;
᠖᠓᠐;105441779908158850858883477246769007273471711663503127652509535022617852524637;;;
᠖᠓᠑;102160521609375056337290066082447581664263792673324628643434167834158453613602;;;
᠖᠓᠒;106646201657017325789739365832167421611020355147597073503690528551233646632223;;;
᠖᠓᠓;49429347736116333140378051912393522720066754839306062657388862237882067366538;;;
᠖᠓᠔;98549298007905906495836736316510027602782694893784939800985857968465761195624;;;
᠖᠓᠕;38889375943077768379340939698015686878146640955687454559147296511569978929963;;;
᠖᠓᠖;1399743884522055019201290108683550067186578531002043586064192008273309227300;;;
᠖᠓᠗;65038790608926385449456576916608279148695245701202623218167880600795552461525;;;
᠖᠓᠘;6201879153728906386779272050790112554876041561541724958929601408645898010053;;;
᠖᠓᠙;56439581763555375670328161895463856563424496568474943765387413296299262965788;;;
᠖᠔᠐;93936685035042906173843554460117824422129129702440446840882540113298339181181;;;
᠖᠔᠑;97764834772466688022203635353853475927889203585606426839985699296878429206181;;;
᠖᠔᠒;72009267238812135702064873830522897976035584148413007659467177153171405037714;;;
᠖᠔᠓;86646212324554609977485782251765638591734022963780456158926092898217554739904;;;
᠖᠔᠔;65121893952408281291906418825993041679959996663095295386645711080265099166184;;;
᠖᠔᠕;35896257432129317703088254482669676994079294971221490906263325102982182183288;;;
᠖᠔᠖;45237098458263108746361449362106994561354407802521289384456703544395123662665;;;
᠖᠔᠗;25200358115630691115627505868469571887995440456767370265341736404907297976828;;;
᠖᠔᠘;38140000830889455070325178104529491808955456826034794483460284769012866691383;;;
᠖᠔᠙;39221468315326259332806784946039086602134823544300178422212264170076219415253;;;
᠖᠕᠐;5557096699026025839697333783443150293313233342205042707139549018274408799460;;;
᠖᠕᠑;42166850682284870521459973729007418431557246591399528612445457274294475045930;;;
᠖᠕᠒;99934018615499207136989729086834761723404709787931465746627689728785887067423;;;
᠖᠕᠓;64420656667482181767107271883099541185847622236990430823167122372808476790208;;;
᠖᠕᠔;49443602375350686914730040636530029026319553575017743693291956674910088218157;;;
᠖᠕᠕;33253163924136195143211680454111262616948950608579470296561530813438890095346;;;
᠖᠕᠖;11292150927901889947897218487782367024797911662939341476005704339338646441515;;;
᠖᠕᠗;16686089915400815711663319908218537868966181727396616030551411015736591300186;;;
᠖᠕᠘;41439745553923793615238430176317121690832067206023236417507114358751815664866;;;
᠖᠕᠙;32857202202098938533721303792581581286563692544017537989446467243155144422835;;;
᠖᠖᠐;109998452736042436636814243120343239774055776208392223104514461029791234320065;;;
᠖᠖᠑;57277012693613140636057345153060913680207091219080251322246353296599549408193;;;
᠖᠖᠒;47922682997226385549248024083150209176340983413438616217285081981812442667272;;;
᠖᠖᠓;81327756288885847106373269766393465874658245505602342763738289539736475208806;;;
᠖᠖᠔;105490759684646921533806862896942053920622968719161897983412766744600582445524;;;
᠖᠖᠕;91771307971455696058457178103393132294459189430253713069574792646552008210158;;;
᠖᠖᠖;83663051311385519299076930480366788372417369701333667827986189314171325005304;;;
᠖᠖᠗;63533454632195312388355446002436501010539270007504582321913487076783891051544;;;
᠖᠖᠘;97783638532199350846555204817053683187268444964855548324126361853545024959680;;;
᠖᠖᠙;61457442666083372241501207567831921801749402150867854689145485823647176298809;;;
᠖᠗᠐;75974723275657964256404403231651160969150619624091560992318284087697028597400;;;
᠖᠗᠑;90735662306585903301188720767030060115342431576179508348003640375602863746227;;;
᠖᠗᠒;62567184753798053104526588554133487920150860226964071758426210693013330850542;;;
᠖᠗᠓;67587712236710372121488732323411263508330491176524100428796678756105691553344;;;
᠖᠗᠔;9617445484336112789328072671081141263934563746654655778313367021032969403386;;;
᠖᠗᠕;102198706403408069883050028354050008515261012713239631009381246061006506518968;;;
᠖᠗᠖;28172186616982131900610043013761870966969835581038591466857189805425386420979;;;
᠖᠗᠗;25125869609850663831403272948703846054679187559117644332547823104753654560549;;;
᠖᠗᠘;15055414013674745798238099933733384053261919490185829796400166594959293573922;;;
᠖᠗᠙;91572693559325125454107448513557327440919244171286101015495644731075308150661;;;
᠖᠘᠐;26137987776452259295015180663964684771297494472704358740806899521766979647301;;;
᠖᠘᠑;30830214056631040341621586003971486949175719127950972337902891562742338354611;;;
᠖᠘᠒;33459390137616308132376679713059198060262595575524600776674589137976718069212;;;
᠖᠘᠓;48907251090286579234859803271360629036180996293564544902095116412617477037564;;;
᠖᠘᠔;99570185595924854211326275391334354122451347541745726438190497438510735129278;;;
᠖᠘᠕;23500119904615860643303920892318920229097968637185656551594547897239698412750;;;
᠖᠘᠖;17610518767797356054938065811281474706796634173344246250031513795543847368580;;;
᠖᠘᠗;2994810477192996621953112275922658164300865040898321060940993154839648857248;;;
᠖᠘᠘;33627287047283529764176052762126162195926126087527239955979458184165839999893;;;
᠖᠘᠙;91675977043810033076025932611556038511359654331262482737770412594447507358063;;;
᠖᠙᠐;4453720605176726645092488217810801027583190873864493013044636070225486580766;;;
᠖᠙᠑;22216091835099771746795729395269724430304598441628962129971186129586003165220;;;
᠖᠙᠒;26903255763208536788562953815818582833467414141914494372227012563642961305973;;;
᠖᠙᠓;83346304615985017486437109416095319046627367586271135743436870788353165492794;;;
᠖᠙᠔;31948605518903148363611313609666673279969302759054067767765182027868915663845;;;
᠖᠙᠕;77503855139615106925466004375531048629844636578517029651235426205185508111086;;;
᠖᠙᠖;105685507992453446158481843624489855714649816263738678761972082015371661459899;;;
᠖᠙᠗;90352009461435353478661288962641820824214886786969996301671718393936428040012;;;
᠖᠙᠘;80538502100377632964311405852761001667276385204573151876456298814686013207341;;;
᠖᠙᠙;112866326268685297236620183006320932590133824673311963226434850323191913929122;;;
᠗᠐᠐;51687875148129679005582297160912855727936843321877446936026718980383753220278;;;
᠗᠐᠑;7343828355563495737087767473121515634170016646865941693219560996879324868757;;;
᠗᠐᠒;110487108378290420115895086136644675383447207204703694917359781515718736516280;;;
᠗᠐᠓;6686271373173166796232955238963431624044971304387998627762357840899025114726;;;
᠗᠐᠔;40962506808036712019497835757627463377581185123988388987417612212307511818514;;;
᠗᠐᠕;1254914374114481110320712912847071406048283299277129338715805038940019635599;;;
᠗᠐᠖;40522005623543114645212703698968956742883245805924617250632298175652065355204;;;
᠗᠐᠗;54927636784150043630309239885454748261903914610894328401162249413214991716631;;;
᠗᠐᠘;86233448236927618738927296518940963624083907527399871641469308916602592039718;;;
᠗᠐᠙;71287070920376967068283931693064629868303325640640693850437320385964663462815;;;
᠗᠑᠐;62661170439567059333781772408488059120081234407462229897457457354366709347726;;;
᠗᠑᠑;115347918138892960830808098940504685751820845167889544614041959260490034101102;;;
᠗᠑᠒;77838364487791060805742523862081880757166388344150227781408474897884895812730;;;
᠗᠑᠓;72392618522432771128148097955193706037004901243594647066578714670706257510288;;;
᠗᠑᠔;104096262676430868340344576219624302978377913133617389583778677870060946529848;;;
᠗᠑᠕;24525994238101069026840143168311309970491948930028383233343658929367084421505;;;
᠗᠑᠖;54550347819905658963168759397820493243330696302953401289977806975472792453374;;;
᠗᠑᠗;45706771679802123333807201967724112767626784304951410353256369411928917239437;;;
᠗᠑᠘;78189522451726705708417846098619137549052954470937950976078297194024697321171;;;
᠗᠑᠙;97348827353378567520107256380369819093776496285886429446006508384053292258986;;;
᠗᠒᠐;4243514114222296686720875341885639308926840632675654518147691579497095426714;;;
᠗᠒᠑;62557663297586682842839734214806672659448545362067364042096158187478618312135;;;
᠗᠒᠒;104819996919201195850710762295445690998603742178462839534406714639862600036176;;;
᠗᠒᠓;35774622541286742904690152403758327478915861435606750092160246981258366778964;;;
᠗᠒᠔;90708845941755082191705336978450807708404280043732807806720477460911400419260;;;
᠗᠒᠕;19415630842398860834904786761205938395628473562294000647745846151572231527001;;;
᠗᠒᠖;75604148498788834144935758658011419423645449815992499687469534240141377305329;;;
᠗᠒᠗;76027243311352853145966125278703175817889210055932363445865535278122186660239;;;
᠗᠒᠘;94558851383543300457433615917350063681080317867501301676967671140747693622845;;;
᠗᠒᠙;12233609352457421259949259645283276675365094453516344420315351774997069004299;;;
᠗᠓᠐;3731623141995149564747645237094587180301965335979605437153239224145793120541;;;
᠗᠓᠑;35136282889320201715006258783202790712285570905020891268384797263524744689079;;;
᠗᠓᠒;31184813024830123863618925735631918805408632727168167728332878756845282695693;;;
᠗᠓᠓;96792402196809252611417331562162224188479215559599856839463265634763433642349;;;
᠗᠓᠔;48739224269142573065756100296039811598191090734547435533873811431541512917225;;;
᠗᠓᠕;74538473060214968421743948207500978773813423115620789253739855678219176398562;;;
᠗᠓᠖;68064046628323436156660820155078169404540413785963573328122486255624884950843;;;
᠗᠓᠗;66814668513236491157938215617656954810461097304927737532695522414535060552211;;;
᠗᠓᠘;101981007649035211514715063762861022094581216608536315522870556459801885097822;;;
᠗᠓᠙;46748993385991562796806679819406099127322276333631119300661391780155544733502;;;
᠗᠔᠐;50779356024799062414324909924091813584294836538534634656995340151349816290195;;;
᠗᠔᠑;87411615811429191674769298079714908626561652266102859914241770654093498223680;;;
᠗᠔᠒;111296650843249407480272519006842916817618011875573388805178437614823856689456;;;
᠗᠔᠓;6522382394195798121712394913939497672579296344621313818328868825316860154909;;;
᠗᠔᠔;22635702632976764080743546377082779243655451832146608976574725441842755060407;;;
᠗᠔᠕;51887639816611521347509050789184317203376301562782792118816909956042032449054;;;
᠗᠔᠖;12007082714105109296434920303062623375099320432704552785074030667979645707561;;;
᠗᠔᠗;110005778725731062695547466980640041887757344657269629153394106822215084251874;;;
᠗᠔᠘;60513183777412237206390360566035511921337401060037679771974489798399323740214;;;
᠗᠔᠙;9154217534605614884949251784309892218903973931354453366700183782696286277153;;;
᠗᠕᠐;24343925070196617335324900523398756633532638342620075175630464947596305166279;;;
᠗᠕᠑;77571588804386772315821092162414871937651544655941910147327904784530215664711;;;
᠗᠕᠒;42154979622568624541289507345236510922863712344760933189460469761822999113733;;;
᠗᠕᠓;99768680982282158645109321028169724192687609420792206287971110858567332628277;;;
᠗᠕᠔;37950910149426339035992748379013474274040736517129267657488747744634973745501;;;
᠗᠕᠕;103292443545618673488418894841011506975705003735085635934713158878070957631795;;;
᠗᠕᠖;92309137343910106462773741466589537969574301426447254143828596473979532873109;;;
᠗᠕᠗;81109619248823853636266518617031143536502653384641265669057184509895130402006;;;
᠗᠕᠘;77854788494347200774873041949542757006425400838848656761953052822356799463733;;;
᠗᠕᠙;77301322914790216986056960092272646851251980573958021094293672520320846962795;;;
᠗᠖᠐;112141958728410214546525001525806183526168615298105901478331278070047951505256;;;
᠗᠖᠑;73664233724422367142593838634789816905541810336462863756858387844639757448973;;;
᠗᠖᠒;48519027286588848480015413260846450308046698280663314036470596050012688814971;;;
᠗᠖᠓;17294839089227516635466000984625367819034065826854384001208871834394563107360;;;
᠗᠖᠔;25605396086047982963112374494160252201494881421083909377255569073686704640473;;;
᠗᠖᠕;83707762418648272765054448085584179267858156065724371972364047675384388283740;;;
᠗᠖᠖;54988702404774373122850887427050229543552485328390088997554173369331846100481;;;
᠗᠖᠗;93004167852852097006409665012266767096963447627891417419664370164961666605619;;;
᠗᠖᠘;10894395704977277284831397805168911451186985679521024586124684854800116209538;;;
᠗᠖᠙;17236243499919668794957781257183875907878306965195504965132101920158830465601;;;
᠗᠗᠐;84477548101603992634577436394649717648875765147189017578778570948341838045729;;;
᠗᠗᠑;72854031936574497861200325792129092902609719577713514038104356537189775310131;;;
᠗᠗᠒;89999335197535557235332803983579009488742030835865704364861777458528387168783;;;
᠗᠗᠓;108370099140992505488315293272229760747535456064066230065478000386794564651940;;;
᠗᠗᠔;1178992913160631793984648565017946368622689129518492176545946926895080557484;;;
᠗᠗᠕;52920122894875749010126469628961564278688203311177164727502081941184622050220;;;
᠗᠗᠖;24892254783701848857106986337906157210246370394569832675286525625364020515078;;;
᠗᠗᠗;90050066116824879845106328539870666844023166960490928175879364409304075554019;;;
᠗᠗᠘;95567681900873375435724558011143449336242202063489453383349657407072856609834;;;
᠗᠗᠙;22265433940540300483500244329492332436165496900758588378573538123668195901358;;;
᠗᠘᠐;76527673258426242295996865287536745817179984065662763105143795832085652712902;;;
᠗᠘᠑;65388513180415822002983470653162434305932008185973473132832695708431908098130;;;
᠗᠘᠒;3288180161679121587362476511815317364228563470617679341218040765445937439208;;;
᠗᠘᠓;66341894802226743859675754581612940955315690654639372325061053761141211170655;;;
᠗᠘᠔;46527536519387456596416428655901037409530438808498740302369101429184041248041;;;
᠗᠘᠕;61546841504446905480378659592600669264161651249129805573886921857857236482897;;;
᠗᠘᠖;12888692553689813989222185690786550159474611780229284517438675722554644582125;;;
᠗᠘᠗;88402651758085910609971451721386697544687526683197697049637844321821972049000;;;
᠗᠘᠘;55486091336289762545846036940612887419344933315644480398414182036602902073619;;;
᠗᠘᠙;56434186299793114462208716946746546203934540071273735261155336147199137224745;;;
᠗᠙᠐;87934914218312609004241722700564056683081685556893953553616810779541375684360;;;
᠗᠙᠑;63291284697981119859843029542003941037207867803665975024256037635280633521737;;;
᠗᠙᠒;20822932239537742362546124311718846098780135479464332967136576443256861258842;;;
᠗᠙᠓;38196126322699270986336581013512738563514436140350977696692768659482294705595;;;
᠗᠙᠔;43559563672185779289554139663871822433286883545722609822025177129604554121938;;;
᠗᠙᠕;34589369445850507725895988586361318261345861373430579156322453845655753116673;;;
᠗᠙᠖;48503822747614784019742688209330020625310088945391064923480901749583933299079;;;
᠗᠙᠗;75940558278247329359636755419114895991612868449007155507067443333014202505241;;;
᠗᠙᠘;24343660734469454194446920764657453508951994358685508288122165543765816862110;;;
᠗᠙᠙;67490850114532208928323843605590399885576821545229083796497791990240295439651;;;
᠘᠐᠐;14203980007301787687861593748112383000254241385511433852712141616011391670816;;;
᠘᠐᠑;76395163929788233778370593983113132061776258199746672179003011100592267008274;;;
᠘᠐᠒;72433560512301444188403303392974112747491703619568482261514742736592390857186;;;
᠘᠐᠓;101020103754656937948974903121993459945299662981688788258301485650310194646043;;;
᠘᠐᠔;67381037568962720852179060390208370451574589341306357348565447981719774696960;;;
᠘᠐᠕;81452290444371885756817674465341806236874500317992584150988298954905182705223;;;
᠘᠐᠖;48736180396059711133164361419407238790324714907248594115654367168195942637557;;;
᠘᠐᠗;96407221394576638209697358808747606004931054733626053651026415404198895537833;;;
᠘᠐᠘;9326160939762004355276446377580795591571511286369248139562025043724124780330;;;
᠘᠐᠙;52527642196517298798593120000992439128930883230986547670812103053823159589516;;;
᠘᠑᠐;31000637401403179042171384242769256027085842090412771870166876938660480435039;;;
᠘᠑᠑;96655737683546504016230653576940590586706198024968479689663845282790055391719;;;
᠘᠑᠒;73641806818524527874519013440466743708223795163282371273621125746948303880990;;;
᠘᠑᠓;45293824905462890917877874376599736548028393245178483481439708136137774013362;;;
᠘᠑᠔;83684862254623508852334863507533976977376388075099832579902716314250686579258;;;
᠘᠑᠕;29524053910859583615230477352518516293934911878543828366105691980664019834065;;;
᠘᠑᠖;47561131340882153185140472375454046052844607584287203084437488560826490683044;;;
᠘᠑᠗;31124559256519999144861989936258810646056073774110272571150836970001152735917;;;
᠘᠑᠘;105824242243097084186935782778425346072853694694214592060316614944538575445713;;;
᠘᠑᠙;27728476769786484800009859242576246358420647090363710161388573593709987946762;;;
᠘᠒᠐;83353793806720748698715293253146635443255061475737837745654329609285020285281;;;
᠘᠒᠑;86815584678466701191361064413186071484536097260808342792797760749245822837748;;;
᠘᠒᠒;41779634806252587866183842159814233541904068012051749502424521035341226237477;;;
᠘᠒᠓;90506349874951618444802398311707736617061153323055955617140465313204535010322;;;
᠘᠒᠔;73149563147411451106862856546714516444613307572528182283483083747830531843560;;;
᠘᠒᠕;68271245370605435139217225747372957435992426911978609583255094063664150918116;;;
᠘᠒᠖;7854943796950261941873688050813228523169386887249254448539801322277229206095;;;
᠘᠒᠗;13805723258042678654266463727444401956738958107981169096469285899037651770554;;;
᠘᠒᠘;54328929733590489163051653648837209836736754877290599078170995688635344061268;;;
᠘᠒᠙;35180109446964288947003299046893633063655228838978338135278639891051436215557;;;
᠘᠓᠐;27692103928120671132014390425281663446107636095338820237972990505472690655773;;;
᠘᠓᠑;76757459386777105669360960492023531049368770491021796076925098127937715152292;;;
᠘᠓᠒;86139514911994795669174992619477955349558408056733130284600415555932876782964;;;
᠘᠓᠓;5936682721194992586519032315065020397357149570209855023065881830147979282903;;;
᠘᠓᠔;98726988733490132610375338737844234252419204497051762587846908400932623398772;;;
᠘᠓᠕;87479737012343148157887774396023628185783704800681354817255965311780510903411;;;
᠘᠓᠖;56915754829766730397143485096253980322907161887193490412499827112377328277975;;;
᠘᠓᠗;60622249363552859036992356971050125266829959096198352188480860276489393523298;;;
᠘᠓᠘;105201079655119114017153576271028447585381713309633983911069884831644251543507;;;
᠘᠓᠙;109858164423429028587535310061750633074219974118939590584603711629234264867939;;;
᠘᠔᠐;64545987247349340221798449427370698126920908413090522759830549784413614859570;;;
᠘᠔᠑;54049149062286205482070709095966093638551908576287547056839822624449743056404;;;
᠘᠔᠒;71144240175290189863083632389471565551983186850311337157335470455848599313043;;;
᠘᠔᠓;103419278944119911158589581567850038878783986936795224119648258356813398171237;;;
᠘᠔᠔;101318422993118204721949172896810974628818952453694784121068379026674653755096;;;
᠘᠔᠕;30469426347873806905293480934011390987924109698691766783631841686046879310976;;;
᠘᠔᠖;102060149377073613319008632055166907662160749783830946260439142230242446170943;;;
᠘᠔᠗;23090159599720143673263170354128806231353143226366992567762908094267240284135;;;
᠘᠔᠘;43021877523382047675871949421426497641282321766380836808949329069495423652137;;;
᠘᠔᠙;89983612409201159481837413634700090969156463809768001324918595288900074689938;;;
᠘᠕᠐;58383045776174558998997254153080873358052017248279720203536825371549690132600;;;
᠘᠕᠑;60697571444828258688172165980386619817085615231379742105554124047444424963369;;;
᠘᠕᠒;22335333626870179338265953917289632270805530143595585190904569743571809500686;;;
᠘᠕᠓;54401549199848544366594899432679465996967458803388323878981236482524903953447;;;
᠘᠕᠔;92009565118999381857859136986235199691560097793117274591669162723729632130506;;;
᠘᠕᠕;52280415881687841189917558521214787064424664608457748956631540890097525287029;;;
᠘᠕᠖;92950401155328783601304716793356612526686865278755666875349216549244271388662;;;
᠘᠕᠗;16669099435251960357411323993360983026550457984132115143543421679444068397577;;;
᠘᠕᠘;91600134527169614149141336855114012131036918425849408685764446897713229951216;;;
᠘᠕᠙;101262471608973657623368245078571642592606990547091462438132393540711693255350;;;
᠘᠖᠐;110609538904395681467522579732210663738065837209934253351677114127652679890520;;;
᠘᠖᠑;18666679556308286908720281877411767855358048875639511615526934116121023632808;;;
᠘᠖᠒;97354146271657837566823869428383240952933072467287323143117164846473769964130;;;
᠘᠖᠓;22054709065325426322134967443157618379240425220631728033888081888070660751668;;;
᠘᠖᠔;72302815112271505585305872413103626245977713423058464444256614792668092621337;;;
᠘᠖᠕;18064914633297958178989175986440026799751724734081716164581379080926063386305;;;
᠘᠖᠖;592782008082496326420175889922981281879151757534587429843709686078811706806;;;
᠘᠖᠗;8604689982981156993612327646210750674508141380314571222859245313646776841685;;;
᠘᠖᠘;78954555036794590304016455252458838648454319579943173342609433388526492692775;;;
᠘᠖᠙;81158289553665677414150899201331180061603176474770500685338520218282865689602;;;
᠘᠗᠐;71014807338981884853320075230438202400919247887175202034595905481525340397594;;;
᠘᠗᠑;69419658922899874076686871837792986161961114359102920462680911538390597167458;;;
᠘᠗᠒;60807151150072975872079478955744219819324893990331983228764207808480014100338;;;
᠘᠗᠓;50638118994204438212650770121672380579001747693298230474771221997135269073499;;;
᠘᠗᠔;101835758499478584607819959436806414733670275227780222054684413167320303911416;;;
᠘᠗᠕;6482800658478343416380876962314485395934584892334711557819775634532194284199;;;
᠘᠗᠖;85532612641412421806806435678162996583453792929438786335159195817908501490041;;;
᠘᠗᠗;67162816164013984932222234592269352675493326603538307973678288740167415251854;;;
᠘᠗᠘;55792143736664356157017065105304324150288361345367298336980771328135037109743;;;
᠘᠗᠙;17587912383790792979401606773449414651146040036234917732213259667688635432357;;;
᠘᠘᠐;92337701683193248182157295063541914315438079872094109496803483159902229157476;;;
᠘᠘᠑;3577435507786759291447917814780860501433781622722365616085157722940585422400;;;
᠘᠘᠒;96741075824634802618266521341878927152639161784552088388666947489802479764286;;;
᠘᠘᠓;95476254079915698440531973332595825377730474172127321371136138264471849697190;;;
᠘᠘᠔;27665241672484939423652139407316624110485712937294224113768361326804315143037;;;
᠘᠘᠕;12264400002449061868331731906382811639159013270695833241793633810634014111176;;;
᠘᠘᠖;15847247247422419439708614542070103795577481644328477398716109495691908737427;;;
᠘᠘᠗;8575455324660249733055602458521386812400748324417558160671880599509778639835;;;
᠘᠘᠘;95842717616311527528208626381949216760763824757300673305587978499676209868926;;;
᠘᠘᠙;12517816027813460272906380522758737297221079966795140659946622316265004827108;;;
᠘᠙᠐;54615044915656405083485483155743488819186122200513560707692942196871568906188;;;
᠘᠙᠑;5069783123367248964050439676937405165855097706262425646777454175769464313276;;;
᠘᠙᠒;99700589009521923195039109104906573833488151742464874015715207562602015698549;;;
᠘᠙᠓;30969602521294346965999021647518080189883275264441757123757847808308903786411;;;
᠘᠙᠔;115069776539215257583048409590929352765219994278172223118446915984506588582689;;;
᠘᠙᠕;77914993044865288754564148574471932729446599782259973469064780328843928623531;;;
᠘᠙᠖;84016793728939476015408346765600815695459297427082120774031347280894802802692;;;
᠘᠙᠗;41898498368853076138081637680317447520530204864912003899739152157064508689511;;;
᠘᠙᠘;105361263656814739742927325106701326628343903144421054747050000581343963949801;;;
᠘᠙᠙;37991264036501216262854275549797783999250810336728738969005091371240005622050;;;
᠙᠐᠐;2580243706978956789392949710381148880892443719521248237477268396671695117007;;;
᠙᠐᠑;106966138023583412056330708082356648390269861058219785683053181325786332768850;;;
᠙᠐᠒;32215674751686353059820871525228094183766288561358849909911025636987202668892;;;
᠙᠐᠓;37602736188944735015330152283599868069688502875859055546483986859845713354198;;;
᠙᠐᠔;1113721019406646786584901903266408934835892197777933032547650893299396105632;;;
᠙᠐᠕;100703587655750644611061733605347774615987832513131733161233295334839758417078;;;
᠙᠐᠖;67211528776855059222275056612033534266563122571846655460670674032925455788950;;;
᠙᠐᠗;11833223692263995782288388859735686596516157350956988775691330109888403977207;;;
᠙᠐᠘;13580844616013646379930493812749243073476354671856029721985142555014121572508;;;
᠙᠐᠙;97876910725714654251515488419584043624865540266490739351267522148165529160324;;;
᠙᠑᠐;22726276108054652704899070199700443446519606077069761443271376457589352923879;;;
᠙᠑᠑;76056238330929019237872524210716495765963853319625324654869172042977067794479;;;
᠙᠑᠒;72111478170247541369633293811300745212819874372222331580302784576559152035179;;;
᠙᠑᠓;49436528311284016813883622215804327410840459395867338039981932813906405288323;;;
᠙᠑᠔;48817537676745488466484444697895917463568712970251437484139601322606655843209;;;
᠙᠑᠕;5450264124907570468340404344480109586618192641164588532845824523556103664541;;;
᠙᠑᠖;23361144811162414930558802533105258732745132353324670586632148946183998702686;;;
᠙᠑᠗;28597789544821199290582697423102855947810269230156935030065014089610572662435;;;
᠙᠑᠘;95795811867095231043991261720201131913255037402054746580305505716976550321403;;;
᠙᠑᠙;37968130831898259686321586922522914865925260637646956005279855328981160624877;;;
᠙᠒᠐;64703126425987343559567298825408923913979154096254513679898508224314051234228;;;
᠙᠒᠑;73209730392730673084764106409784745747644194833568195775069138548063397835524;;;
᠙᠒᠒;52887031133371890813387276008365191745792386211838221109718861729804653881133;;;
᠙᠒᠓;78263464683913373330615150402935076453334771747336673458916877562498378403110;;;
᠙᠒᠔;106120873679910546501277831557671138485226634334634417064956348088555152949046;;;
᠙᠒᠕;105060459345205001014182094601677516304025867011337138620965372874563149259304;;;
᠙᠒᠖;20173302314321044032838994886075718939840825002148980703930160259355661247845;;;
᠙᠒᠗;27737243271767426926327475986600054734625215461480621635509084420980790086627;;;
᠙᠒᠘;99302671238219187778499160900664469058293704889437794138545683130469411881179;;;
᠙᠒᠙;53021589224223625401431829275139161275702109871042085588877412985126712427328;;;
᠙᠓᠐;13465227128431618549789953021702799565742075588133971715653580770918336511658;;;
᠙᠓᠑;54871139659374657756666789487851500679399249179427093359680146126521238299503;;;
᠙᠓᠒;30056315586916262555165116299849802385615200161498984836565698681423915030113;;;
᠙᠓᠓;86567682400641728718512174497326024482353732868435072039466917181159674311177;;;
᠙᠓᠔;24496147387158219541466881695600242461397546221686095009347931537366858958894;;;
᠙᠓᠕;101029093811168955699794624299343110442988035510084847733783839592275178223511;;;
᠙᠓᠖;103997584210739691042117315967838641236867658292744694255402047753897203613500;;;
᠙᠓᠗;104212847220826317170559653521974349570985703425154443806940603781242103414198;;;
᠙᠓᠘;73885453676155992530011122446053459642591442907202783745107564827772422986483;;;
᠙᠓᠙;24551648790725225556176521566553087313549982074104419988704868912289063002467;;;
᠙᠔᠐;101872240295206401825850149108595863862388956683347395534602019366494858820538;;;
᠙᠔᠑;46513149880354607924861102350184153941560766539485797878856786405611770658522;;;
᠙᠔᠒;91517990661543480803233751401139513345673236675082851922399870932552083014478;;;
᠙᠔᠓;7506713617463135408799703010909695196435205121028999874662970821437750348362;;;
᠙᠔᠔;68755472043708698650779275124114580118614689394257043414984958334318710293373;;;
᠙᠔᠕;108455414656944462304049007024687662717024689730104387763597102236827998072027;;;
᠙᠔᠖;23108305732840809036378880834503252558740072779521088882197950334752180418740;;;
᠙᠔᠗;17126176246867696924274473006389930978493408874354174830474032316209177446550;;;
᠙᠔᠘;44486263042523205523937286988548223344069325448912137797101530628598455168657;;;
᠙᠔᠙;74118082154868625241315773588526135322836259050226667382459695605910675891338;;;
᠙᠕᠐;54490657773798882775758292474122205445010738677774848496170260449013127482024;;;
᠙᠕᠑;110695542847884734379120699563093365472095184362931483637174597882052157879007;;;
᠙᠕᠒;100721434512309336390758555474829543778590410215457683798306812935072419024279;;;
᠙᠕᠓;90298525126936631429025863646014430735326203032512410827220393306268830000410;;;
᠙᠕᠔;95883029718069907161830140615493855797817166751870968248389134543102782270654;;;
᠙᠕᠕;97360208810418670313977042878217955559297991951761575675898662254634563996904;;;
᠙᠕᠖;11336477173409394013955216244667850666343604101207952891494139049042030759903;;;
᠙᠕᠗;77297707035333462365432568739923378097928334526029131025385419084530896442941;;;
᠙᠕᠘;1066197773613053143440931305201389498742203125174463986644977149082585473205;;;
᠙᠕᠙;76323392359507496077237349368307431351897778134541922321995896555278438228136;;;
᠙᠖᠐;40048560819624360473887863481374754792414019379213060092144533597289172421922;;;
᠙᠖᠑;81871132004660881932457956165502721053974283035274274797350579312885526694379;;;
᠙᠖᠒;28148111921556990563743122980832564092408044789740398094999294371722388172107;;;
᠙᠖᠓;108154852528068166195239611283331655529717418152999341495732179857838091148333;;;
᠙᠖᠔;16201395333236859266579668196122708199557865660646552594211114595322249973596;;;
᠙᠖᠕;42455376367052474494173454707384254469418655153345214152926798925565239402478;;;
᠙᠖᠖;80201366170377792525322056720035776868446702956671683371129325132689024209993;;;
᠙᠖᠗;24328589871581262918690882165759137305581680352856630665310083583327225208058;;;
᠙᠖᠘;61899824242186401722137536563456196281427791614452277003332917504648357568734;;;
᠙᠖᠙;61969265191146360782532067461345481743374382348806974148405418547638727274409;;;
᠙᠗᠐;91625948971284796646179296130437269830959969753830099599800500847464745941297;;;
᠙᠗᠑;82394253284957230034931053436492901594369816163093558827890603272833777441768;;;
᠙᠗᠒;82560286315689817056073469079639960235176065229554647097089666249801234403055;;;
᠙᠗᠓;69875224013151034613698389213677746750009561471431594444612418332802394119332;;;
᠙᠗᠔;96200691692548584022752627692856802435841890978377669160234591875846482331684;;;
᠙᠗᠕;75709360827923964569309199697596632782005046223139541168535935497869898365242;;;
᠙᠗᠖;89362373201668355859122444574390872203051126584977083503428184120315471990856;;;
᠙᠗᠗;81840100577321784381213420446769455985344193003887189584221484750984894955113;;;
᠙᠗᠘;113072814303917030136308490127181726005310122416044600873011883791172148943010;;;
᠙᠗᠙;64016527141572396546198036930247961511906686789622460900348365889716687578882;;;
᠙᠘᠐;18138809843840072665941253413477588990132057055078136328721063374316846035357;;;
᠙᠘᠑;27394752124948597286209826367428682186737892136625742564997629172343263518850;;;
᠙᠘᠒;62105612169459278192282228914378755594096776979783192005332105843545908038464;;;
᠙᠘᠓;17685620432382314885462729382872764378624101963503076898892059368373487784352;;;
᠙᠘᠔;1289903623543574318035516274836037980779121145671010471933128688424333576338;;;
᠙᠘᠕;37569637146556448588611426884473495920918103971695744315507617970216831692347;;;
᠙᠘᠖;36105763150441856396575685491180720562538874344517130702476795144721692755270;;;
᠙᠘᠗;22899352865205419560413263733047994976244363346899067444861630892279578883412;;;
᠙᠘᠘;11648376918163961872732866758641136808385010754117942697474065989483909640183;;;
᠙᠘᠙;96491887924602579375779824936014514423326687695800456473458254758396525445184;;;
᠙᠙᠐;66185822396247130939660564274976338139457348260987267719026907721600690977261;;;
᠙᠙᠑;6315748439270657789032898568978377996012312515700637783938724026722995246953;;;
᠙᠙᠒;98306290028899914464303990731052449634904555587940996246103485193394522439000;;;
᠙᠙᠓;64160806317733836237596859038778067521710312983516382701272218448223645131104;;;
᠙᠙᠔;60531749624936399863834836915555048003068947485514038598272339461624155893948;;;
᠙᠙᠕;14822894552662786597495608646342399197436621294642441773292129647430234156652;;;
᠙᠙᠖;69976366722211990809754399923565784663803141938333665407708392729497920225716;;;
᠙᠙᠗;91960031301822547819488374072365837622793300295514297065583823835540444503835;;;
᠙᠙᠘;13243691280952156141620528794331774881562957824987425245740002048044390679210;;;
᠙᠙᠙;14431948946636403046051120841710919283050464361584805022824122671836705640765;;;